date,drilling_depth,drilling_speed,well_temperature,drilling_success,daily_oil_production,daily_gas_production
2022-01-01,835241,42.04,13524,success,5249935.0,5468664
2022-01-02,577425,42.96,9766,unsuccess,36954.0,395342
2022-01-03,481545,51.21,9911,success,3259092.0,3529442
2022-01-04,494649,79.24,6027,success,3345738.0,340838
2022-01-05,472377,62.42,25744,success,321431.0,298963
2022-01-06,792747,48.27,19506,success,509128.0,4984414
2022-01-07,636617,77.55,3076,success,4224882.0,4276979
2022-01-08,657934,41.79,10982,unsuccess,4164696.0,4462824
2022-01-09,903939,68.71,26864,success,5820778.0,5589587
2022-01-10,505812,73.58,25458,success,3433681.0,3237258
2022-01-11,828885,70.45,21256,unsuccess,5245672.0,5095915
2022-01-12,802007,71.38,4007,success,5213712.0,5262552
2022-01-13,60156,48.64,7958,success,3951988.0,3965284
2022-01-14,548071,43.88,15907,unsuccess,3503426.0,3878225
2022-01-15,87166,57.53,19077,unsuccess,5468195.0,5873809
2022-01-16,546533,43.87,12182,unsuccess,3513204.0,3820835
2022-01-17,332996,48.44,20476,success,2366385.0,2207273
2022-01-18,540403,73.72,8177,success,3607614.0,3607309
2022-01-19,668431,42.74,27177,success,4329208.0,4124884
2022-01-20,52770,73.15,17691,success,3546953.0,3958462
2022-01-21,699438,66.77,23614,success,4568952.0,4391092
2022-01-22,570304,40.55,17332,unsuccess,3649145.0,4020245
2022-01-23,50886,42.5,22623,unsuccess,3269717.0,3098333
2022-01-24,291769,63.22,5974,success,2132078.0,2145598
2022-01-25,614312,78.56,4943,unsuccess,3960329.0,3984638
2022-01-26,561339,46.48,2635,unsuccess,3588052.0,3654508
2022-01-27,487795,47.57,8858,unsuccess,3140274.0,3138487
2022-01-28,737727,40.7,8391,success,4750996.0,4776948
2022-01-29,686432,47.75,1938,unsuccess,4344938.0,4773509
2022-01-30,621125,58.61,15498,unsuccess,3978578.0,4317711
2022-01-31,282168,61.64,19761,unsuccess,1953956.0,1803413
2022-02-01,523452,53.59,2783,unsuccess,3393009.0,3436154
2022-02-02,294015,71.21,22149,unsuccess,2042114.0,186116
2022-02-03,92168,60.15,24243,unsuccess,5784542.0,5591431
2022-02-04,670328,50.99,21796,unsuccess,4271496.0,4094122
2022-02-05,319285,63.56,27423,unsuccess,2160435.0,1949091
2022-02-06,291014,45.15,5609,unsuccess,1962311.0,200976
2022-02-07,69491,63.97,16021,unsuccess,4432225.0,4789011
2022-02-08,849697,56.43,26485,success,5466189.0,5238066
2022-02-09,367093,59.39,9153,success,3429216.0029615005,2569006
2022-02-10,873977,68.05,15033,unsuccess,5485044.0,587465
2022-02-11,710127,70.92,11624,unsuccess,4531224.0,12739601
2022-02-12,777885,67.27,16116,unsuccess,4929789.0,5313038
2022-02-13,211052,56.08,9921,unsuccess,1499413.0,1767251
2022-02-14,276849,53.12,6013,success,3429216.0029615005,2036322
2022-02-15,420221,48.42,14157,success,2881635.0,3212582
2022-02-16,568814,56.35,8973,unsuccess,3665444.0,3632293
2022-02-17,743785,55.42,26348,unsuccess,4711683.0,4472897
2022-02-18,547783,66.61,13346,success,3668841.0,3984231
2022-02-19,724464,62.29,10476,success,4705764.0,5012526
2022-02-20,638539,79.53,10637,unsuccess,409318.0,440099
2022-02-21,420727,49.06,354,success,2891397.0,2941359
2022-02-22,738537,58.47,13765,success,479982.0,5149246
2022-02-23,201088,58.99,6579,success,1553798.0,1596984
2022-02-24,741131,56.82,15258,unsuccess,4694821.0,502369
2022-02-25,388949,42.6,17156,success,2676947.0,3085244
2022-02-26,72921,75.44,24413,success,3429216.0029615005,4568645
2022-02-27,341384,52.41,13175,success,2402476.0,2719179
2022-02-28,851583,61.31,4759,success,5486753.0,553693
2022-03-01,336487,67.38,27066,success,2379051.0,2182801
2022-03-02,857003,63.48,26124,unsuccess,5407713.0,5191957
2022-03-03,265842,70.33,1083,unsuccess,1853961.0,2141238
2022-03-04,538087,48.42,25488,success,358484.0,3384838
2022-03-05,886725,46.5,5466,success,5659068.0,5718312
2022-03-06,673344,47.55,18696,success,4366134.0,4811052
2022-03-07,699903,45.88,7946,success,4564305.0,4561484
2022-03-08,909154,58.82,11867,success,5815418.0,612141
2022-03-09,366507,57.27,6319,success,2562145.0,2600274
2022-03-10,325187,74.4,2139,success,2319096.0,2417695
2022-03-11,303273,53.77,7165,success,2193961.0,2207237
2022-03-12,767732,49.5,13188,unsuccess,4853218.0,5166312
2022-03-13,431697,50.5,18398,success,2951088.0,337293
2022-03-14,383745,52.99,20697,unsuccess,2521597.0,2387594
2022-03-15,723406,79.39,26351,unsuccess,4619731.0,4394627
2022-03-16,543097,74.52,25063,success,3662287.0,3466381
2022-03-17,916133,79.86,1787,success,5880668.0,6287507
2022-03-18,949531,66.28,16257,unsuccess,592745.0,6316958
2022-03-19,309237,78.72,2059,unsuccess,2133264.0,2002091
2022-03-20,420815,72.44,25558,success,2886034.0,2707904
2022-03-21,424833,62.11,4973,unsuccess,2790816.0,2829954
2022-03-22,845899,49.9,13107,success,5419626.0,5764385
2022-03-23,204659,69.56,4107,unsuccess,147768.0,1540879
2022-03-24,777338,69.49,1340,unsuccess,4936826.0,5235381
2022-03-25,214336,69.64,4505,success,1682464.0,1692052
2022-03-26,37899,58.97,24898,success,2623598.0,245928
2022-03-27,473146,50.88,11192,success,3192331.0,3481984
2022-03-28,248008,75.77,5204,success,1886917.0,1922732
2022-03-29,647939,56.58,1275,success,4223156.0,4550258
2022-03-30,912502,74.27,12599,success,5864825.0,6190702
2022-03-31,946213,72.71,20575,success,6061917.0,5904829
2022-04-01,688693,62.42,6776,unsuccess,3429216.0029615005,4379921
2022-04-02,946339,43.68,19355,unsuccess,5910224.0,6329772
2022-04-03,849648,43.4,9067,unsuccess,5307532.0,5305836
2022-04-04,919035,75.75,1694,success,5907274.0,6298225
2022-04-05,53524,78.46,2544,unsuccess,348307.0,3543321
2022-04-06,402934,77.21,20303,success,2820806.0,2669012
2022-04-07,487133,61.88,2682,unsuccess,3161036.0,3220787
2022-04-08,514898,56.89,4359,success,3462662.0,3506974
2022-04-09,232232,51.8,3227,unsuccess,1622477.0,1697542
2022-04-10,714733,45.64,13603,success,4650783.0,4979411
2022-04-11,479666,71.65,16075,unsuccess,3429216.0029615005,3524852
2022-04-12,779907,75.33,16756,success,5068778.0,5466913
2022-04-13,664265,40.35,1207,unsuccess,4211037.0,4519408
2022-04-14,60896,51.48,19011,unsuccess,3861463.0,4329667
2022-04-15,764226,70.98,2845,success,4977739.0,5031728
2022-04-16,350789,72.03,21241,unsuccess,237158.0,2204849
2022-04-17,868644,47.54,23778,success,5580705.0,5375047
2022-04-18,681223,40.39,20576,unsuccess,4320494.0,4166162
2022-04-19,796633,71.73,10099,success,5048093.0,5324292
2022-04-20,51531,41.42,21671,success,3432487.0,3292759
2022-04-21,583464,45.12,4383,success,3852193.0,3886134
2022-04-22,224115,42.94,20514,success,1668412.0,1544144
2022-04-23,335419,42.31,10456,success,2367475.0,2603313
2022-04-24,650715,48.98,27898,success,4260614.0,403627
2022-04-25,543104,54.84,6463,unsuccess,3507483.0,3529074
2022-04-26,74641,57.89,19322,success,4826183.0,5292468
2022-04-27,64397,67.81,14026,success,423347.0,4560254
2022-04-28,392319,56.95,16227,success,2713904.0,3065439
2022-04-29,531446,72.34,2352,success,3570095.0,3657063
2022-04-30,91689,74.52,2209,unsuccess,5748287.0,5606056
2022-05-01,517091,62.5,12867,unsuccess,3321899.0,36771
2022-05-02,727389,60.6,27763,success,472705.0,4510049
2022-05-03,716091,68.39,3549,unsuccess,4564098.0,4620261
2022-05-04,282358,63.09,17327,success,3429216.0029615005,2455958
2022-05-05,306853,49.86,9834,success,2209769.0,2456393
2022-05-06,465714,70.92,20688,success,319569.0,3044661
2022-05-07,842982,49.41,19925,unsuccess,3429216.0029615005,5150905
2022-05-08,643895,70.58,26652,success,4257756.0,4008786
2022-05-09,384826,74.38,1290,success,2697728.0,3035895
2022-05-10,675081,78.75,2651,unsuccess,4313682.0,412469
2022-05-11,821813,77.11,10374,success,5326285.0,5602222
2022-05-12,422085,55.59,24164,success,2886673.0,2721753
2022-05-13,281047,52.12,8844,unsuccess,1915224.0,1911039
2022-05-14,723893,56.89,6863,success,4705603.0,4709835
2022-05-15,70375,52.8,26458,unsuccess,4469894.0,424093
2022-05-16,671709,72.17,26004,success,4432034.0,4214806
2022-05-17,802049,73.71,12156,success,5175479.0,5515862
2022-05-18,558128,67.98,4773,success,3725307.0,3766949
2022-05-19,441344,76.43,17425,unsuccess,2914213.0,3323933
2022-05-20,297134,52.8,9498,success,2136203.0,2139484
2022-05-21,946213,77.31,7783,success,6084087.0,6093527
2022-05-22,557659,43.6,9729,success,3704582.0,3970651
2022-05-23,367577,73.16,15754,success,2563634.0,2952622
2022-05-24,771914,61.08,15775,success,4994411.0,5356175
2022-05-25,602454,46.5,22459,unsuccess,3840731.0,3686001
2022-05-26,63807,48.6,10341,unsuccess,4034852.0,4332573
2022-05-27,512385,41.51,23318,unsuccess,3303357.0,3127263
2022-05-28,535076,45.26,11134,success,3571668.0,3852396
2022-05-29,482222,41.65,23035,success,3205493.0,3081127
2022-05-30,653295,74.05,14306,success,4321406.0,4654102
2022-05-31,239532,71.45,26436,unsuccess,1685286.0,149619
2022-06-01,732812,49.48,14204,success,3429216.0029615005,5108525
2022-06-02,680822,53.42,2626,success,4432031.0,4234644
2022-06-03,619077,72.06,8582,unsuccess,3991524.0,3983351
2022-06-04,381007,61.73,16401,success,2654215.0,3039024
2022-06-05,386292,48.46,5415,unsuccess,2538681.0,2581972
2022-06-06,291956,47.17,22774,success,2109524.0,1943036
2022-06-07,931767,67.93,21823,success,5832039.0,5676095
2022-06-08,552367,62.05,21305,success,3693321.0,3533948
2022-06-09,255358,74.07,27507,success,1930144.0,1696648
2022-06-10,624584,71.07,12811,success,4130802.0,4452068
2022-06-11,508728,71.01,21943,success,3432772.0,3258943
2022-06-12,40336,76.41,10483,success,2823525.0,309688
2022-06-13,718096,68.74,21671,success,3429216.0029615005,4518128
2022-06-14,594818,64.28,15133,success,3932435.0,4295356
2022-06-15,27718,47.44,8191,success,2029527.0,2025709
2022-06-16,590467,67.95,24723,unsuccess,3815864.0,3620712
2022-06-17,232164,46.18,8224,success,1746433.0,1752922
2022-06-18,626618,71.35,15934,success,4155819.0,13122054
2022-06-19,938097,67.76,1323,success,6027473.0,6339899
2022-06-20,630582,54.16,17623,success,4156841.0,4551561
2022-06-21,280763,58.08,22054,success,2046189.0,1892027
2022-06-22,709921,75.84,2799,unsuccess,4517273.0,4306765
2022-06-23,211348,74.96,8768,unsuccess,1512366.0,153595
2022-06-24,569732,79.3,2854,unsuccess,3701923.0,376563
2022-06-25,710036,63.12,5598,success,4644675.0,4680837
2022-06-26,226558,59.07,2682,unsuccess,160593.0,1360124
2022-06-27,224827,75.53,948,success,1735498.0,1726385
2022-06-28,514369,53.14,22258,success,3458888.0,3272861
2022-06-29,363889,42.83,6332,success,2535537.0,2565054
2022-06-30,568887,66.91,8166,unsuccess,3645799.0,3677066
2022-07-01,410519,54.25,21929,success,282134.0,2662801
2022-07-02,354514,42.12,20105,success,247591.0,2334254
2022-07-03,810839,46.82,23356,success,5231934.0,5024308
2022-07-04,431079,50.86,23062,success,2954955.0,2786352
2022-07-05,423373,47.4,25779,success,2892458.0,2692728
2022-07-06,24335,52.59,11968,success,18294.0,2101509
2022-07-07,42596,55.42,22154,success,2909975.0,2764896
2022-07-08,643979,64.71,25988,success,4235792.0,4035507
2022-07-09,663845,50.7,8794,unsuccess,4215615.0,4220533
2022-07-10,738443,62.95,8566,success,4804688.0,4793353
2022-07-11,505795,61.89,26391,success,3429216.0029615005,3200423
2022-07-12,749904,58.0,5769,success,4856342.0,4885993
2022-07-13,266696,69.87,5191,success,199535.0,2033862
2022-07-14,357708,64.68,13336,success,2533308.0,2855943
2022-07-15,784929,42.86,15918,unsuccess,4903057.0,5305288
2022-07-16,25747,49.04,27824,success,189944.0,1670967
2022-07-17,754517,65.85,25537,success,4913157.0,4721618
2022-07-18,539743,48.6,2369,unsuccess,3458365.0,3508218
2022-07-19,479097,58.86,20352,success,3258713.0,3108412
2022-07-20,738465,49.15,23056,unsuccess,4676903.0,4492009
2022-07-21,485097,64.75,9643,unsuccess,3171519.0,3432844
2022-07-22,72397,68.26,5644,unsuccess,4594456.0,4632214
2022-07-23,404859,62.38,14665,success,2795647.0,313958
2022-07-24,343537,59.1,4455,success,2446644.0,248016
2022-07-25,337265,67.66,5542,unsuccess,2275278.0,2312669
2022-07-26,707499,71.07,6781,unsuccess,4522712.0,4538604
2022-07-27,72927,48.75,10654,success,4712987.0,5005336
2022-07-28,405611,47.1,11469,success,2766202.0,3068932
2022-07-29,940802,71.67,11105,unsuccess,591503.0,6205695
2022-07-30,53147,64.96,25937,success,3542828.0,3366906
2022-07-31,546394,71.8,6839,success,3683952.0,3655002
2022-08-01,417343,41.31,15676,success,2822329.0,3187509
2022-08-02,766666,69.14,7969,unsuccess,4838973.0,4849264
2022-08-03,542426,76.65,3913,success,3655696.0,3687556
2022-08-04,279558,43.99,11552,success,2013805.0,22988
2022-08-05,803231,67.5,2557,success,520345.0,500918
2022-08-06,31179,59.64,11041,success,2248708.0,2496722
2022-08-07,566413,74.9,24917,success,3797642.0,3603294
2022-08-08,436776,43.12,24946,success,2952515.0,2777461
2022-08-09,247955,75.71,17158,success,1887491.0,2259915
2022-08-10,924508,58.82,3182,unsuccess,5779736.0,5864171
2022-08-11,634828,44.79,24188,unsuccess,4037887.0,3831637
2022-08-12,917464,77.89,13688,success,5914144.0,624045
2022-08-13,48949,66.81,26019,success,3316982.0,3115727
2022-08-14,749093,58.04,4725,success,483931.0,4910558
2022-08-15,223453,73.3,24397,success,161887.0,1419915
2022-08-16,366695,72.77,2363,success,2592735.0,2397456
2022-08-17,583048,50.1,25763,success,3845566.0,3667287
2022-08-18,512381,67.74,5063,unsuccess,3348704.0,3371405
2022-08-19,830873,71.23,12838,success,5370532.0,12759536
2022-08-20,453582,68.73,2709,success,3118789.0,2886629
2022-08-21,886469,75.32,21405,unsuccess,5595578.0,5443759
2022-08-22,714897,74.52,24844,success,468374.0,4473583
2022-08-23,640655,77.15,3583,unsuccess,4099091.0,4149573
2022-08-24,666938,50.64,21457,success,4367214.0,4203641
2022-08-25,942268,72.4,14627,unsuccess,5921327.0,6255529
2022-08-26,858323,45.51,5054,unsuccess,5362152.0,5406742
2022-08-27,927924,52.83,18272,success,5915346.0,635424
2022-08-28,526197,63.4,24696,unsuccess,3423807.0,3212658
2022-08-29,564106,40.49,8345,success,3706598.0,3726927
2022-08-30,474248,75.82,22971,unsuccess,3093546.0,2949979
2022-08-31,802835,73.78,23303,success,5207231.0,5041406
2022-09-01,247891,61.96,5407,success,1844557.0,1900799
2022-09-02,506194,77.92,6301,unsuccess,331577.0,3346831
2022-09-03,334397,78.06,4014,unsuccess,227891.0,230395
2022-09-04,721203,40.37,23982,success,4684849.0,4483425
2022-09-05,945379,54.05,6896,success,6035772.0,6025332
2022-09-06,29888,46.0,6264,success,2150865.0,2152385
2022-09-07,497027,67.84,23532,unsuccess,3227124.0,307908
2022-09-08,500325,68.53,1269,unsuccess,3265921.0,3592463
2022-09-09,457647,56.63,9999,success,3106806.0,3357397
2022-09-10,516386,49.64,19883,success,3436757.0,3310415
2022-09-11,550815,61.19,6055,success,365822.0,3716023
2022-09-12,822243,49.44,15576,unsuccess,5174327.0,5541671
2022-09-13,245541,60.54,27863,success,1861039.0,1594593
2022-09-14,416664,64.36,16783,success,2861158.0,3250748
2022-09-15,291451,56.4,6207,success,2118891.0,2142111
2022-09-16,641119,66.95,15139,success,4243245.0,4600843
2022-09-17,833299,49.83,9224,unsuccess,5234528.0,5231818
2022-09-18,898764,41.27,4383,success,573676.0,5755804
2022-09-19,902587,52.04,4372,success,5756196.0,5827688
2022-09-20,503852,56.01,13687,success,3236044.0,3573323
2022-09-21,233754,69.23,625,unsuccess,1645947.0,1654077
2022-09-22,668018,67.29,5841,success,4392079.0,4429275
2022-09-23,707477,61.56,2081,success,4596261.0,4468618
2022-09-24,735125,72.71,12643,unsuccess,4672661.0,4999957
2022-09-25,414895,43.04,2678,unsuccess,2718115.0,275392
2022-09-26,663646,49.99,24211,success,4334522.0,4166448
2022-09-27,702663,62.71,2495,unsuccess,4464784.0,428098
2022-09-28,605255,55.55,2111,unsuccess,3885827.0,395405
2022-09-29,60986,71.71,19608,success,4032222.0,3928264
2022-09-30,933483,69.91,2254,success,6001344.0,6066505
2022-10-01,866407,60.63,22638,success,5585334.0,5416475
2022-10-02,514488,62.21,16856,success,3440593.0,3856112
2022-10-03,723687,46.69,3639,unsuccess,4564766.0,4609839
2022-10-04,414724,46.73,2659,success,283276.0,262827
2022-10-05,627966,75.79,18021,success,4165282.0,4570492
2022-10-06,520281,73.0,18933,unsuccess,3381381.0,3817353
2022-10-07,59469,71.85,23185,success,3960483.0,3791397
2022-10-08,722969,41.05,4752,unsuccess,4547631.0,4594415
2022-10-09,940852,67.11,723,unsuccess,590614.0,5899417
2022-10-10,820013,48.36,18941,unsuccess,5152366.0,5556932
2022-10-11,875957,42.3,27412,success,560137.0,5346866
2022-10-12,228577,74.85,1339,unsuccess,16528.0,1981675
2022-10-13,202151,55.92,2658,success,158937.0,1654447
2022-10-14,586318,61.47,12842,unsuccess,3781761.0,4060418
2022-10-15,498934,77.24,556,unsuccess,3257455.0,3301733
2022-10-16,665156,57.42,711,success,3429216.0029615005,4366323
2022-10-17,306421,63.2,7103,success,2221838.0,2239174
2022-10-18,864979,77.41,21831,success,5571217.0,5440659
2022-10-19,895723,44.01,16427,unsuccess,5610647.0,596685
2022-10-20,368516,62.13,13201,success,2587143.0,2902494
2022-10-21,367833,64.99,23193,success,2467554.0,2296423
2022-10-22,263707,61.16,9149,success,1942353.0,1933658
2022-10-23,240939,51.65,27067,unsuccess,1691114.0,1464969
2022-10-24,327471,50.18,1036,unsuccess,2192484.0,2484325
2022-10-25,608449,67.01,3933,success,4031843.0,4068759
2022-10-26,876674,77.48,6173,unsuccess,5538211.0,5548271
2022-10-27,732039,41.48,7766,success,4608479.0,4615086
2022-10-28,683831,43.27,22754,success,4442386.0,4290026
2022-10-29,54977,63.27,22878,success,3682721.0,351816
2022-10-30,86175,75.05,15575,success,5558249.0,5920933
2022-10-31,788027,44.05,12854,success,5075433.0,5399615
2022-11-01,885353,73.42,8253,success,5697342.0,5700811
2022-11-02,939332,61.57,24945,success,6021055.0,5815764
2022-11-03,838821,73.55,24268,success,5440857.0,5253507
2022-11-04,942921,73.5,9526,unsuccess,5940841.0,6173085
2022-11-05,840669,52.7,15707,unsuccess,5278377.0,5657816
2022-11-06,798772,79.34,20537,success,5185041.0,50620
2022-11-07,463345,71.14,2695,success,3160802.0,2926698
2022-11-08,366545,73.37,22183,success,2563386.0,2420197
2022-11-09,622745,47.92,18559,unsuccess,3938485.0,439529
2022-11-10,475214,72.9,17392,success,3257667.0,3616405
2022-11-11,660968,70.69,2483,success,3429216.0029615005,416303
2022-11-12,75990,76.95,10392,success,4972045.0,5227895
2022-11-13,266596,68.53,7386,unsuccess,187501.0,1876457
2022-11-14,67281,57.93,3861,unsuccess,4291834.0,4300473
2022-11-15,897641,40.71,15279,success,5732357.0,6085258
2022-11-16,491895,73.65,5876,success,3340907.0,3377191
2022-11-17,275201,65.36,12125,success,2023734.0,2332986
2022-11-18,257229,50.04,23864,success,1890537.0,1711883
2022-11-19,235313,65.02,21917,unsuccess,1678574.0,1489003
2022-11-20,817923,68.07,3514,unsuccess,5168227.0,5199696
2022-11-21,420575,68.25,10665,unsuccess,2764652.0,3058013
2022-11-22,524807,53.24,2325,success,3505248.0,3592971
2022-11-23,879255,41.43,26264,success,5631843.0,5425227
2022-11-24,464162,68.61,3856,success,3148853.0,322864
2022-11-25,635398,61.02,14993,unsuccess,4058331.0,43998
2022-11-26,311504,40.16,8379,success,2211394.0,2223009
2022-11-27,257746,55.84,26356,unsuccess,1768568.0,1571091
2022-11-28,861715,58.5,27531,unsuccess,5420622.0,519624
2022-11-29,640174,63.67,17773,success,3429216.0029615005,4603248
2022-11-30,940452,72.96,27687,unsuccess,592009.0,5665288
2022-12-01,314276,65.37,14428,success,2265185.0,2603718
2022-12-02,533449,77.42,8092,success,3596204.0,3575249
2022-12-03,635365,64.13,5825,success,4201677.0,4218881
2022-12-04,725718,59.58,25206,success,4596228.0,4414647
2022-12-05,201725,43.15,11016,unsuccess,1443752.0,1711377
2022-12-06,228524,48.7,17675,success,1737982.0,2143965
2022-12-07,896143,66.97,6049,unsuccess,5643953.0,5648459
2022-12-08,680053,63.67,27571,unsuccess,4338792.0,4114676
2022-12-09,598983,58.82,11411,success,3962957.0,4248453
2022-12-10,834985,44.96,3939,unsuccess,5227523.0,5291655
2022-12-11,778372,50.07,4414,unsuccess,4893392.0,4917274
2022-12-12,227021,64.04,5897,unsuccess,1596425.0,1636201
2022-12-13,921642,69.64,15276,success,5907976.0,6253901
2022-12-14,932472,70.58,15453,success,595412.0,6339754
2022-12-15,892071,41.63,3727,success,5677813.0,5761105
2022-12-16,686361,59.01,12675,success,4497519.0,4811162
2022-12-17,286669,62.41,20085,unsuccess,1959648.0,1814732
2022-12-18,325894,48.58,2576,success,2316867.0,2084746
2022-12-19,254697,59.55,1280,unsuccess,1789596.0,2092646
2022-12-20,797229,58.75,23965,success,515982.0,4966478
2022-12-21,766398,43.9,3476,success,4943034.0,4988139
2022-12-22,487049,75.21,7228,success,3331236.0,3322941
2022-12-23,656834,56.72,12859,unsuccess,4197666.0,4493738
2022-12-24,578442,67.53,18722,success,3869764.0,4276747
2022-12-25,825068,66.39,11666,success,5341839.0,561903
2022-12-26,60177,73.16,12042,success,3429216.0029615005,4307695
2022-12-27,417438,55.62,561,unsuccess,2748417.0,2776095
2022-12-28,303345,45.04,27938,unsuccess,2038118.0,13106502
2022-12-29,214574,79.35,27747,success,1679531.0,1472222
2022-12-30,769992,52.75,20832,unsuccess,4857305.0,4692784
2022-12-31,626859,69.41,2778,success,4152803.0,4215077
2023-01-01,394152,49.57,10252,success,2690752.0,300162
2023-01-02,870091,78.39,26376,success,561864.0,5399205
2023-01-03,87869,66.66,5978,success,562944.0,5673991
2023-01-04,455524,63.28,1895,success,3115537.0,3528901
2023-01-05,529271,49.73,433,unsuccess,3410076.0,3461473
2023-01-06,218965,45.77,1077,unsuccess,1542964.0,1821024
2023-01-07,768371,61.75,8851,unsuccess,4868965.0,4862724
2023-01-08,657559,52.04,17157,unsuccess,4182049.0,4588436
2023-01-09,505328,78.6,25188,success,3436764.0,3249591
2023-01-10,351233,70.03,4609,unsuccess,2377805.0,2425243
2023-01-11,641183,42.03,8489,success,4189084.0,4199776
2023-01-12,474189,41.72,2348,success,3199938.0,3224369
2023-01-13,720686,61.99,20746,success,4699181.0,4551605
2023-01-14,765072,57.0,13096,unsuccess,4823412.0,5155714
2023-01-15,686993,48.3,14181,unsuccess,3429216.0029615005,4667029
2023-01-16,797381,73.15,27625,success,5179116.0,494387
2023-01-17,446695,48.34,18332,success,3035278.0,345397
2023-01-18,281342,73.6,24656,unsuccess,1962616.0,1763072
2023-01-19,625423,57.11,10531,success,4119687.0,4381847
2023-01-20,479882,79.01,7857,unsuccess,3155525.0,3138886
2023-01-21,664433,53.53,6402,success,4351594.0,4351703
2023-01-22,78587,60.93,12508,unsuccess,4973736.0,5285371
2023-01-23,637913,68.44,22069,success,4225569.0,4061915
2023-01-24,836746,54.42,25804,unsuccess,5247216.0,5065009
2023-01-25,234533,50.61,8633,success,1777776.0,1766712
2023-01-26,229255,68.74,6582,success,3429216.0029615005,1791202
2023-01-27,513802,52.49,22928,unsuccess,3312648.0,3143612
2023-01-28,371948,62.95,2773,unsuccess,2481754.0,2543235
2023-01-29,728303,51.63,20839,unsuccess,4584508.0,4470556
2023-01-30,883678,72.7,6153,success,5699071.0,5727687
2023-01-31,281497,76.25,25448,unsuccess,1973699.0,1774747
2023-02-01,699071,60.37,2152,success,4539562.0,4650493
2023-02-02,730252,43.69,3397,unsuccess,4605591.0,4631296
2023-02-03,690994,64.54,8007,success,4514737.0,4538078
2023-02-04,788496,53.38,13095,success,5099239.0,541439
2023-02-05,653776,79.69,6263,unsuccess,4207016.0,4202317
2023-02-06,252767,78.98,4158,success,1902478.0,1940647
2023-02-07,58561,59.38,1660,unsuccess,3429216.0029615005,4113892
2023-02-08,411683,70.9,27667,success,2860127.0,2617459
2023-02-09,550619,44.98,23165,success,365728.0,347306
2023-02-10,395055,69.21,24773,unsuccess,2647144.0,2444012
2023-02-11,622759,74.16,16214,success,4141396.0,4511974
2023-02-12,791423,48.31,25746,success,3429216.0029615005,4906381
2023-02-13,49807,70.78,18905,success,3380423.0,3789451
2023-02-14,210477,69.24,15801,unsuccess,1515249.0,1891902
2023-02-15,544627,64.2,621,success,3627559.0,368135
2023-02-16,481287,55.03,21128,success,3243899.0,3093227
2023-02-17,36812,67.23,6207,unsuccess,245185.0,2471973
2023-02-18,349466,61.1,12863,success,2470422.0,2804443
2023-02-19,367026,56.29,19911,unsuccess,2422224.0,2321255
2023-02-20,494819,54.81,7968,success,3343935.0,3332213
2023-02-21,851631,63.54,7597,success,5481207.0,5498757
2023-02-22,447974,56.28,27839,unsuccess,2944606.0,2709082
2023-02-23,905023,73.58,24632,success,5826412.0,5602859
2023-02-24,230284,77.16,17434,unsuccess,1661482.0,2040904
2023-02-25,204449,79.17,3309,unsuccess,1505147.0,1570318
2023-02-26,218783,56.88,15982,unsuccess,1546001.0,1923959
2023-02-27,431606,58.04,26202,unsuccess,3429216.0029615005,2627205
2023-02-28,50689,56.91,5818,success,3429216.0029615005,3433065
2023-03-01,574911,50.78,15208,success,3664844.0,4025129
2023-03-02,612509,58.64,1655,unsuccess,3918696.0,428201
2023-03-03,528887,59.99,2277,success,3552925.0,3379126
2023-03-04,457575,76.58,8145,success,2991042.0,2988899
2023-03-05,410073,71.76,18241,unsuccess,2723669.0,3139336
2023-03-06,929157,78.97,15505,success,5960681.0,6341097
2023-03-07,652213,77.21,20477,success,4281494.0,4168207
2023-03-08,655737,48.64,18598,unsuccess,4177062.0,4589589
2023-03-09,94048,64.12,2015,unsuccess,586716.0,5765841
2023-03-10,33337,72.3,21722,unsuccess,2258669.0,2111013
2023-03-11,234223,49.96,6692,unsuccess,1643499.0,1652089
2023-03-12,52821,76.11,22333,unsuccess,3442143.0,3258887
2023-03-13,290648,72.77,15237,success,2145752.0,2485325
2023-03-14,64227,70.32,27199,success,4218625.0,3992283
2023-03-15,470951,78.2,27972,unsuccess,3111664.0,2869619
2023-03-16,358835,58.24,10398,unsuccess,2391106.0,2650534
2023-03-17,560879,45.55,8826,success,3726124.0,3715218
2023-03-18,469827,66.37,18338,success,3197592.0,3621079
2023-03-19,247858,69.71,13739,success,1873639.0,2222402
2023-03-20,36788,49.88,2638,success,2566204.0,2634538
2023-03-21,416204,69.17,9725,success,3429216.0029615005,3121598
2023-03-22,284585,75.71,20975,success,2118779.0,1956027
2023-03-23,765689,59.52,12558,unsuccess,48555.0,5142846
2023-03-24,479964,41.77,19004,unsuccess,3097329.0,3510858
2023-03-25,607382,61.5,26188,unsuccess,3892811.0,3697599
2023-03-26,677524,45.05,6002,success,4419646.0,4454812
2023-03-27,546222,56.61,20064,unsuccess,3429216.0029615005,3389463
2023-03-28,740151,56.54,18838,success,4808388.0,5244522
2023-03-29,373384,59.56,1127,success,2606976.0,2906322
2023-03-30,228134,71.74,1109,success,1750435.0,2043549
2023-03-31,902015,68.96,3381,unsuccess,5662308.0,5740547
2023-04-01,467037,59.17,2161,success,3183494.0,3240811
2023-04-02,433172,75.41,21061,success,3010197.0,2840638
2023-04-03,863579,41.46,13073,unsuccess,5394772.0,5715714
2023-04-04,911373,46.97,18488,success,5817601.0,6249705
2023-04-05,219713,51.54,26035,success,1648854.0,146264
2023-04-06,43741,55.48,26394,unsuccess,2874663.0,265321
2023-04-07,271328,74.29,24237,success,2009177.0,181788
2023-04-08,38489,44.7,26733,success,2671303.0,2457152
2023-04-09,585466,50.24,11966,success,3880511.0,4180927
2023-04-10,394009,44.26,23691,unsuccess,256184.0,2397946
2023-04-11,409615,42.63,21682,success,2814981.0,2645241
2023-04-12,581583,53.3,26122,unsuccess,37405.0,3525137
2023-04-13,670457,56.91,22995,success,4395266.0,4218182
2023-04-14,46129,63.12,2445,unsuccess,300699.0,3093061
2023-04-15,865255,41.29,13374,success,5537938.0,5871212
2023-04-16,404433,65.85,16591,success,2806002.0,3191963
2023-04-17,516492,41.92,4873,unsuccess,332284.0,3337016
2023-04-18,562087,42.16,12928,success,3722884.0,4028448
2023-04-19,874426,56.6,25129,unsuccess,5473309.0,5301734
2023-04-20,447977,63.74,8705,unsuccess,2939969.0,2929168
2023-04-21,370503,71.74,4249,success,2626492.0,2641211
2023-04-22,468093,64.14,25858,success,3165346.0,2968732
2023-04-23,93020,58.67,22388,success,5937856.0,5783542
2023-04-24,746596,41.13,17812,unsuccess,4705735.0,5118177
2023-04-25,503763,65.23,11924,unsuccess,3287513.0,3579166
2023-04-26,514369,42.73,16497,unsuccess,3429216.0029615005,36785
2023-04-27,574248,61.08,26074,success,3816045.0,3626896
2023-04-28,453035,52.32,2162,unsuccess,2950319.0,2786881
2023-04-29,750625,40.3,4855,success,4827466.0,4882698
2023-04-30,389366,42.3,27668,unsuccess,2528985.0,2335201
2023-05-01,718406,71.4,13487,success,3429216.0029615005,5007512
2023-05-02,865178,73.23,22169,success,5565828.0,5436686
2023-05-03,434748,66.58,15454,unsuccess,2860913.0,3234755
2023-05-04,373132,63.54,27236,unsuccess,2505304.0,2265038
2023-05-05,750755,40.41,20979,unsuccess,4716027.0,4571513
2023-05-06,820715,53.71,14701,success,5279219.0,5639704
2023-05-07,335464,49.06,18603,success,2378981.0,2768116
2023-05-08,677436,56.96,25311,success,4431634.0,4225651
2023-05-09,239047,58.79,19415,success,1792271.0,2247863
2023-05-10,762491,42.1,14186,success,4931517.0,5273299
2023-05-11,299351,71.97,13212,unsuccess,2059412.0,2391358
2023-05-12,770291,75.51,19031,success,4995833.0,5452326
2023-05-13,335702,50.14,2191,success,2373217.0,2415867
2023-05-14,21469,52.92,14398,unsuccess,1532534.0,1872147
2023-05-15,93475,75.68,24356,success,6012315.0,5813652
2023-05-16,601983,47.27,27146,unsuccess,383913.0,3629242
2023-05-17,750665,44.17,21219,unsuccess,4699228.0,455828
2023-05-18,369364,51.77,7782,success,254502.0,2593485
2023-05-19,643333,46.99,12898,success,3429216.0029615005,452124
2023-05-20,359087,66.38,21211,success,2535161.0,2400901
2023-05-21,403208,58.98,16735,success,2801748.0,3191265
2023-05-22,769447,72.89,14753,unsuccess,4879245.0,5236485
2023-05-23,802227,54.76,9558,success,5160595.0,5452313
2023-05-24,843494,43.93,5462,unsuccess,3429216.0029615005,5320102
2023-05-25,754973,61.45,5881,unsuccess,4763362.0,481884
2023-05-26,605076,62.76,7484,success,4018411.0,3986776
2023-05-27,220349,51.67,22417,unsuccess,1561909.0,1399993
2023-05-28,749793,40.1,2492,success,4856445.0,4908806
2023-05-29,380279,57.68,8801,unsuccess,2508396.0,2524604
2023-05-30,383492,42.2,18687,unsuccess,252516.0,2950382
2023-05-31,258407,72.34,21115,success,194969.0,1797547
2023-06-01,287052,49.91,26281,success,206817.0,1874064
2023-06-02,522557,78.57,25502,success,3526918.0,333856
2023-06-03,406609,68.76,2774,unsuccess,270957.0,2751761
2023-06-04,469674,79.03,3257,success,3429216.0029615005,3260973
2023-06-05,336288,64.32,17156,unsuccess,2281006.0,2639317
2023-06-06,619194,42.45,18334,success,4067936.0,4456639
2023-06-07,501589,41.03,19241,success,3361067.0,3770019
2023-06-08,771706,63.5,22771,success,4994724.0,4823496
2023-06-09,339107,43.44,23661,unsuccess,226733.0,2052747
2023-06-10,634142,41.99,8601,success,4165222.0,4155071
2023-06-11,528877,73.09,10549,unsuccess,3429216.0029615005,3699651
2023-06-12,79041,56.14,20872,unsuccess,4987824.0,4838727
2023-06-13,468583,60.8,24219,unsuccess,3067961.0,2876189
2023-06-14,883082,73.79,5893,unsuccess,5576632.0,5594677
2023-06-15,658546,63.67,11225,unsuccess,4177916.0,448611
2023-06-16,337475,46.17,8719,success,2254073.0,223406
2023-06-17,825744,50.18,9289,unsuccess,5190772.0,5161192
2023-06-18,64397,79.21,7175,success,4246488.0,4280128
2023-06-19,831142,78.0,25533,success,5386678.0,5185158
2023-06-20,83562,42.31,7484,unsuccess,5213872.0,5244084
2023-06-21,391023,48.92,6954,success,2712677.0,2720748
2023-06-22,821849,71.25,1034,success,5332905.0,557366
2023-06-23,555889,43.27,2982,success,3676032.0,3745276
2023-06-24,65236,62.92,4005,success,4285523.0,4340882
2023-06-25,556294,47.87,18583,success,3564502.0,3988014
2023-06-26,746708,79.23,19022,success,4866218.0,528634
2023-06-27,536926,57.7,27688,unsuccess,3435772.0,3233127
2023-06-28,426112,51.26,23143,unsuccess,2784056.0,2625718
2023-06-29,931334,76.52,20148,unsuccess,5828431.0,5705265
2023-06-30,330714,75.0,23091,success,2378226.0,2218267
2023-07-01,381076,64.73,2231,success,2679411.0,2725988
2023-07-02,821807,47.09,18931,success,5293379.0,5709201
2023-07-03,843905,54.61,24352,unsuccess,5317358.0,5104461
2023-07-04,87078,77.43,24625,unsuccess,5482339.0,5319834
2023-07-05,305235,56.53,1607,unsuccess,2056956.0,2432042
2023-07-06,711762,72.22,10604,unsuccess,4545144.0,4818614
2023-07-07,204784,42.67,17477,success,1571467.0,1980863
2023-07-08,21922,60.83,899,success,1692436.0,1679617
2023-07-09,504465,73.25,21505,success,3411861.0,3264583
2023-07-10,304964,55.25,18316,success,219996.0,2582945
2023-07-11,746666,65.89,10236,success,4858904.0,5143037
2023-07-12,513624,42.89,21845,unsuccess,3305084.0,3118931
2023-07-13,818381,71.12,13852,success,5302282.0,563212
2023-07-14,894968,55.85,20219,unsuccess,5610925.0,5458044
2023-07-15,506658,53.37,19261,unsuccess,3429216.0029615005,372269
2023-07-16,454081,63.48,3577,unsuccess,2951399.0,3018561
2023-07-17,851847,58.78,458,success,5469999.0,5536849
2023-07-18,21283,69.79,15305,success,1654336.0,2038838
2023-07-19,948486,74.52,18477,success,6088827.0,6490595
2023-07-20,927608,53.61,24383,unsuccess,5793854.0,5615514
2023-07-21,905876,59.49,1358,unsuccess,5673172.0,5998493
2023-07-22,939556,58.49,19769,success,6007699.0,5888797
2023-07-23,549062,43.71,2616,success,3654449.0,3437209
2023-07-24,548267,57.54,18723,success,36616.0,4053921
2023-07-25,258827,49.27,9324,unsuccess,1799602.0,1779732
2023-07-26,667061,46.43,26569,unsuccess,4233059.0,4023171
2023-07-27,348459,56.8,25559,success,2441695.0,2251861
2023-07-28,292692,73.38,5972,unsuccess,19967.0,2044946
2023-07-29,609795,78.56,3262,success,403904.0,4126838
2023-07-30,945864,54.25,2441,unsuccess,5921049.0,5979383
2023-07-31,42873,70.81,1544,unsuccess,2837336.0,3208533
2023-08-01,385265,60.71,10679,unsuccess,2573109.0,2831414
2023-08-02,464605,41.58,2536,unsuccess,3008816.0,28225
2023-08-03,379736,51.1,6322,success,2635599.0,2629008
2023-08-04,743658,42.36,3562,unsuccess,4689122.0,4730634
2023-08-05,621342,43.63,8098,success,4083679.0,4079085
2023-08-06,342312,73.04,16751,success,2457315.0,2841194
2023-08-07,37177,72.21,10879,success,2618074.0,2885975
2023-08-08,420222,78.68,1961,success,2909299.0,2799654
2023-08-09,700508,45.07,2004,success,4556594.0,4631891
2023-08-10,364297,67.5,2699,success,2557818.0,2356498
2023-08-11,785738,45.67,5456,unsuccess,4911246.0,4956779
2023-08-12,545288,47.29,14939,success,3634208.0,3974787
2023-08-13,673149,65.73,2327,unsuccess,3429216.0029615005,4109531
2023-08-14,63059,64.6,8881,success,4155946.0,4142233
2023-08-15,558477,48.57,746,success,3697412.0,3698151
2023-08-16,39331,47.57,9997,unsuccess,2598838.0,2846248
2023-08-17,412688,63.26,15065,success,2845184.0,320351
2023-08-18,841813,58.78,22332,success,5402106.0,5262934
2023-08-19,82014,44.05,9848,success,5254019.0,5546193
2023-08-20,210967,74.7,4555,unsuccess,1541879.0,1564865
2023-08-21,216871,46.28,3089,unsuccess,1530899.0,1594638
2023-08-22,631526,61.04,25585,unsuccess,4036821.0,3851319
2023-08-23,586668,51.84,4543,success,3883834.0,3934576
2023-08-24,539178,56.04,15385,unsuccess,3487799.0,3850713
2023-08-25,362594,59.71,26407,success,2560402.0,2331958
2023-08-26,593603,44.33,12891,unsuccess,3789367.0,41081
2023-08-27,77486,54.59,12613,success,5012038.0,5325475
2023-08-28,342066,42.53,18377,unsuccess,2243842.0,2667982
2023-08-29,926291,66.76,12287,success,595432.0,6263334
2023-08-30,481327,75.94,22095,unsuccess,3171691.0,2993411
2023-08-31,723416,51.61,18229,success,4697771.0,5105006
2023-09-01,585488,49.11,23268,unsuccess,3759659.0,3582756
2023-09-02,341624,79.79,907,success,2445685.0,2426768
2023-09-03,459305,72.1,14231,success,3135203.0,3474032
2023-09-04,253147,60.43,3195,unsuccess,177467.0,180878
2023-09-05,620383,45.07,18685,success,406345.0,4494672
2023-09-06,560517,40.92,20619,unsuccess,3596975.0,3421692
2023-09-07,216932,43.69,22118,success,1635833.0,1494127
2023-09-08,389498,54.1,7572,unsuccess,2544727.0,2593318
2023-09-09,84893,75.52,13364,unsuccess,5345868.0,5689381
2023-09-10,742837,77.74,17807,unsuccess,4739126.0,5129758
2023-09-11,797252,76.47,27855,unsuccess,5034846.0,4818445
2023-09-12,858344,41.24,9676,success,5482785.0,5761228
2023-09-13,491002,62.08,2318,success,3182808.0,3251573
2023-09-14,673528,61.79,606,success,4430099.0,4435085
2023-09-15,233089,48.73,23369,success,1761981.0,1549131
2023-09-16,908188,78.78,13832,success,5844069.0,6189208
2023-09-17,899051,66.97,2786,success,5790832.0,5561148
2023-09-18,228133,54.45,7757,success,1734683.0,12955126
2023-09-19,42130,52.08,10456,success,289744.0,3153927
2023-09-20,408483,44.39,25851,unsuccess,2653723.0,2482933
2023-09-21,677884,58.1,24729,unsuccess,4323339.0,4122387
2023-09-22,460295,68.46,6893,unsuccess,3032767.0,3001264
2023-09-23,862095,66.55,6057,success,5443669.0,5463118
2023-09-24,792062,55.51,523,success,5133681.0,5129069
2023-09-25,663994,53.96,24198,success,435575.0,4151712
2023-09-26,294949,70.13,19417,unsuccess,2033971.0,2464337
2023-09-27,817402,49.38,20261,unsuccess,51453.0,5010968
2023-09-28,342794,52.79,27664,success,2407842.0,2175873
2023-09-29,706384,43.27,21045,success,4577686.0,4418128
2023-09-30,931058,42.92,6875,success,5938496.0,5962569
2023-10-01,84033,60.37,932,unsuccess,5296495.0,5286364
2023-10-02,92840,72.56,15525,success,5826667.0,6198657
2023-10-03,802582,47.92,14313,success,5178131.0,5524752
2023-10-04,31172,50.16,12938,unsuccess,2109788.0,2425751
2023-10-05,382755,79.7,14316,success,2699264.0,3026917
2023-10-06,225729,47.89,27159,success,1706194.0,1491304
2023-10-07,564056,55.93,20848,success,3753225.0,3585634
2023-10-08,886732,75.85,26064,unsuccess,5584496.0,5388081
2023-10-09,69827,74.52,25306,success,4577316.0,4395739
2023-10-10,722185,78.43,22169,unsuccess,4611718.0,4461644
2023-10-11,38738,63.29,17739,unsuccess,2577678.0,2984379
2023-10-12,731759,61.91,1527,success,4774289.0,5133537
2023-10-13,888933,76.05,18656,unsuccess,5619746.0,6007978
2023-10-14,834517,48.65,20436,success,5371969.0,5219677
2023-10-15,621761,51.89,18068,success,4083015.0,4508748
2023-10-16,569212,73.61,22402,success,3811831.0,3628583
2023-10-17,917731,57.9,12395,success,5870776.0,618772
2023-10-18,205327,78.21,17638,success,1623578.0,2039168
2023-10-19,725227,62.67,12367,success,4723568.0,5033206
2023-10-20,241679,75.56,25172,success,1852775.0,164698
2023-10-21,253273,58.42,6076,success,1868317.0,1893435
2023-10-22,919502,68.53,18019,unsuccess,576689.0,6198699
2023-10-23,390914,58.06,11631,unsuccess,2579791.0,2893559
2023-10-24,887171,67.61,23864,success,5712699.0,5536036
2023-10-25,286597,70.56,10113,success,2105236.0,2387851
2023-10-26,711576,44.57,17491,success,4633364.0,5018849
2023-10-27,925137,49.16,2928,unsuccess,5789804.0,5847034
2023-10-28,323891,69.32,2554,success,2341428.0,211562
2023-10-29,432579,54.62,23534,unsuccess,2821113.0,2652867
2023-10-30,798937,51.9,24265,unsuccess,5001076.0,13078115
2023-10-31,688625,41.55,12672,success,4449957.0,4792978
2023-11-01,558349,54.04,7332,success,3721264.0,3707311
2023-11-02,690778,72.28,21616,success,4550871.0,4391803
2023-11-03,753433,67.26,14552,success,4879205.0,5249563
2023-11-04,920326,77.84,18485,unsuccess,5810803.0,6215021
2023-11-05,570559,69.7,19659,unsuccess,3685825.0,3558303
2023-11-06,663306,49.05,17395,unsuccess,4225536.0,4613178
2023-11-07,865594,51.85,4264,unsuccess,5413607.0,5470173
2023-11-08,300146,68.32,27252,unsuccess,2028487.0,1842585
2023-11-09,714827,59.19,4815,success,4628296.0,4703519
2023-11-10,341254,57.75,2444,unsuccess,230169.0,23592
2023-11-11,21581,66.34,1180,success,1653304.0,1991033
2023-11-12,855367,67.96,6764,success,3429216.0029615005,5539353
2023-11-13,893527,71.61,3715,success,3429216.0029615005,5799273
2023-11-14,423234,44.97,1508,unsuccess,2775525.0,3122802
2023-11-15,258117,66.82,20734,unsuccess,1821182.0,1659397
2023-11-16,33132,70.98,23456,success,2391958.0,217737
2023-11-17,316282,75.15,15929,success,2283785.0,2679979
2023-11-18,880254,49.78,19371,unsuccess,5524127.0,5958954
2023-11-19,207101,72.86,13947,unsuccess,1522113.0,1838066
2023-11-20,826063,75.83,11799,success,5353054.0,5659622
2023-11-21,843119,50.33,26537,unsuccess,5265091.0,5075216
2023-11-22,295362,68.63,1542,unsuccess,2028545.0,2410837
2023-11-23,86120,71.74,10423,success,5567586.0,5845606
2023-11-24,339016,77.4,20484,unsuccess,2314266.0,2154653
2023-11-25,873019,59.48,3899,success,5622853.0,5649424
2023-11-26,43490,68.03,21491,unsuccess,3429216.0029615005,2712711
2023-11-27,412041,40.85,2509,unsuccess,2686243.0,2485832
2023-11-28,210395,42.09,20468,success,1604081.0,1477311
2023-11-29,544006,41.68,14068,success,3624361.0,3950161
2023-11-30,255534,43.77,14643,success,1867937.0,2242591
2023-12-01,884018,64.97,13698,success,5673726.0,6021066
2023-12-02,322727,52.22,6348,unsuccess,217419.0,2191785
2023-12-03,433949,73.11,27666,success,3003171.0,2778444
2023-12-04,802716,57.34,4773,unsuccess,5060506.0,509841
2023-12-05,858179,48.19,707,success,5507541.0,5523404
2023-12-06,449368,51.58,16635,unsuccess,2941468.0,3329672
2023-12-07,693585,53.6,11638,success,4538111.0,4829891
2023-12-08,639176,53.48,10037,success,4200537.0,4459744
2023-12-09,878853,64.49,13896,success,5655956.0,5981636
2023-12-10,331981,58.82,7087,unsuccess,2236082.0,2254221
2023-12-11,75293,47.01,4026,success,488003.0,4899378
2023-12-12,739463,42.2,23205,unsuccess,4644698.0,4485555
2023-12-13,835582,67.74,6845,success,5395298.0,540032
2023-12-14,756358,76.16,16129,success,4910635.0,5323605
2023-12-15,219485,76.41,13779,unsuccess,1573429.0,1938662
2023-12-16,829381,42.81,13227,success,5322408.0,563966
2023-12-17,443107,67.87,27254,success,3048927.0,2824175
2023-12-18,561164,55.76,22394,success,3723506.0,3581541
2023-12-19,610539,77.56,21502,success,4058828.0,3916407
2023-12-20,398878,56.37,3121,success,2772291.0,2827152
2023-12-21,94046,68.28,8478,success,6032634.0,5997408
2023-12-22,836908,69.96,22456,success,5419143.0,5245128
2023-12-23,423652,64.03,17522,unsuccess,2787116.0,3188207
2023-12-24,813169,67.95,20846,unsuccess,514955.0,4987514
2023-12-25,234552,58.28,4258,success,1770651.0,1829512
2023-12-26,649152,63.91,11569,unsuccess,4140637.0,4458445
2023-12-27,20737,79.4,2765,unsuccess,1517809.0,1294993
2023-12-28,446332,44.32,14084,success,3022899.0,3378734
2023-12-29,588043,68.89,9652,success,392843.0,4177119
2023-12-30,561479,47.06,7649,success,37371.0,3740562
2023-12-31,390537,63.0,20918,success,3429216.0029615005,2564062
2024-01-01,840671,75.96,18984,success,5443021.0,5868418
2024-01-02,684819,53.16,12852,success,444999.0,4784262
2024-01-03,945424,70.24,18013,success,6027513.0,6460677
2024-01-04,464697,71.26,15111,success,3180948.0,35231
2024-01-05,265388,61.32,21317,success,1956015.0,1826944
2024-01-06,304126,68.27,16896,success,2223161.0,2603881
2024-01-07,300521,79.69,19444,success,2204304.0,2650233
2024-01-08,693298,55.16,4503,success,4505522.0,4570285
2024-01-09,930467,79.6,24392,success,599051.0,5800661
2024-01-10,30536,75.46,24979,unsuccess,2113383.0,18951
2024-01-11,297803,68.57,22642,success,2167494.0,2015924
2024-01-12,500239,44.49,12921,unsuccess,32011.0,3552697
2024-01-13,223985,72.74,3811,success,172739.0,1785454
2024-01-14,854202,72.99,16643,unsuccess,5396039.0,5753486
2024-01-15,237942,55.6,3766,success,1787624.0,1854093
2024-01-16,607474,42.8,21202,success,4002282.0,3833739
2024-01-17,678502,46.17,18571,success,4401513.0,4841392
2024-01-18,301524,71.11,11993,success,2203917.0,2484057
2024-01-19,443232,45.63,8294,success,3429216.0029615005,2984056
2024-01-20,468906,74.72,2232,success,3187613.0,3049632
2024-01-21,650414,55.7,20553,success,3429216.0029615005,411751
2024-01-22,824864,68.2,18643,success,5346676.0,576723
2024-01-23,343705,45.64,22537,unsuccess,2297882.0,2110992
2024-01-24,668224,59.69,2443,success,4383821.0,4454467
2024-01-25,627594,74.76,19734,success,4145162.0,4005426
2024-01-26,384743,69.72,2128,success,2684407.0,2527958
2024-01-27,462531,74.7,4767,unsuccess,3035292.0,3096939
2024-01-28,387192,50.12,9811,success,2689987.0,2942061
2024-01-29,729321,53.64,27883,unsuccess,4623045.0,4398784
2024-01-30,685646,42.24,923,success,4461655.0,4447804
2024-01-31,875024,71.16,1295,success,5626216.0,5951618
2024-02-01,719012,45.42,11298,success,4664635.0,4941046
2024-02-02,77265,47.21,19402,success,4981352.0,539834
2024-02-03,906905,47.98,698,success,580214.0,5784455
2024-02-04,709066,57.18,24982,success,4592189.0,4443655
2024-02-05,317631,40.72,2975,unsuccess,3429216.0029615005,2175103
2024-02-06,838964,53.07,12806,success,5394268.0,5690451
2024-02-07,224973,43.88,23987,success,1705494.0,1527539
2024-02-08,555767,59.79,625,unsuccess,3558527.0,360106
2024-02-09,299345,50.9,21214,unsuccess,2032136.0,188678
2024-02-10,78750,60.74,20223,success,3429216.0029615005,4951964
2024-02-11,398314,66.33,10826,unsuccess,2650263.0,2942771
2024-02-12,814093,41.68,15862,unsuccess,5098026.0,5483329
2024-02-13,678321,67.81,17012,unsuccess,4336794.0,4722456
2024-02-14,386911,59.26,7024,success,2686477.0,2705103
2024-02-15,387646,42.79,12132,unsuccess,2562362.0,2842462
2024-02-16,21780,41.29,16689,success,1662843.0,203986
2024-02-17,731394,70.06,16105,success,3429216.0029615005,5152528
2024-02-18,597764,45.3,19301,success,3804789.0,4229836
2024-02-19,940453,45.89,3087,success,6004672.0,60578
2024-02-20,582746,73.13,17936,unsuccess,37581.0,415061
2024-02-21,774127,63.24,7401,success,5016307.0,5017112
2024-02-22,500615,76.35,15623,success,3395544.0,3748132
2024-02-23,530581,67.55,24086,success,3546437.0,3358292
2024-02-24,563141,70.34,24028,success,3753676.0,3577742
2024-02-25,663609,47.45,8047,unsuccess,3429216.0029615005,420721
2024-02-26,67487,67.91,17476,success,4447255.0,482745
2024-02-27,242512,52.49,7049,success,1794201.0,1810309
2024-02-28,41620,60.75,6593,success,3429216.0029615005,2897621
2024-02-29,637262,42.88,4002,success,4170755.0,4214423
2024-03-01,305936,57.05,20145,success,219312.0,2071426
2024-03-02,201708,47.21,13633,success,1556071.0,1871593
2024-03-03,416344,58.76,14008,success,2750265.0,3060525
2024-03-04,452287,55.81,1231,unsuccess,3429216.0029615005,3247512
2024-03-05,666021,45.38,24066,unsuccess,4225111.0,4045628
2024-03-06,863282,52.36,16021,success,5545225.0,5925364
2024-03-07,774507,42.54,19772,success,4982462.0,4874303
2024-03-08,333433,72.93,21059,unsuccess,2275474.0,2114106
2024-03-09,527409,62.87,4705,unsuccess,3430746.0,3464763
2024-03-10,385072,71.59,21018,unsuccess,2561051.0,2416823
2024-03-11,206454,53.76,20187,unsuccess,1473109.0,1315494
2024-03-12,400808,46.86,23158,success,2763259.0,2555188
2024-03-13,576323,62.75,27134,success,3843454.0,3625262
2024-03-14,703402,58.72,18702,success,4596902.0,4997136
2024-03-15,371128,68.63,7598,unsuccess,2497396.0,2500646
2024-03-16,859962,68.54,4915,success,5523368.0,5591199
2024-03-17,844747,69.36,25667,unsuccess,5339268.0,514087
2024-03-18,934522,43.67,18223,success,5964603.0,6339121
2024-03-19,623175,72.29,24287,success,4134568.0,3939571
2024-03-20,914669,43.92,1147,unsuccess,571053.0,6008873
2024-03-21,855495,71.87,8995,success,3429216.0029615005,5516069
2024-03-22,343515,51.22,10401,unsuccess,2304719.0,2551577
2024-03-23,822205,48.04,955,success,5290746.0,5562429
2024-03-24,786097,64.92,26633,success,5076477.0,4863383
2024-03-25,800286,63.94,24099,success,5179175.0,4982889
2024-03-26,386961,54.45,14461,unsuccess,2559838.0,2910397
2024-03-27,399168,53.87,27019,success,273449.0,2514096
2024-03-28,647116,56.47,12934,unsuccess,4136598.0,4429823
2024-03-29,40512,54.83,23606,unsuccess,2666065.0,248974
2024-03-30,234593,67.84,12058,unsuccess,1676651.0,1982786
2024-03-31,597128,65.55,26911,success,3960203.0,3745248
2024-04-01,816628,55.49,650,success,5252752.0,5274833
2024-04-02,927736,53.45,2842,unsuccess,5790278.0,5868975
2024-04-03,464249,44.4,5362,success,301698.0,304165
2024-04-04,698731,72.26,19466,success,4591962.0,4989846
2024-04-05,805809,47.33,19967,success,5197109.0,5059921
2024-04-06,350098,56.13,9226,unsuccess,2317741.0,2330964
2024-04-07,39672,44.2,12187,success,2741771.0,301181
2024-04-08,83403,61.73,1417,success,5384905.0,5714128
2024-04-09,626883,78.51,24752,unsuccess,4034734.0,3830258
2024-04-10,68247,76.54,22914,success,4488572.0,4322836
2024-04-11,719975,78.69,26214,unsuccess,4562877.0,4399459
2024-04-12,469507,57.17,25107,unsuccess,3033615.0,2863036
2024-04-13,834622,53.72,13008,unsuccess,5233674.0,5553619
2024-04-14,362453,45.42,2369,success,2523084.0,2350777
2024-04-15,412919,76.27,22142,unsuccess,275951.0,2571228
2024-04-16,35845,57.43,14643,unsuccess,2372698.0,2733353
2024-04-17,727035,60.75,1855,unsuccess,4603008.0,5033896
2024-04-18,364048,70.72,19402,unsuccess,2426412.0,2850688
2024-04-19,359841,60.73,9454,success,254028.0,250047
2024-04-20,552543,63.54,11908,unsuccess,3541292.0,385917
2024-04-21,322788,61.26,7014,unsuccess,2177882.0,2193952
2024-04-22,701063,70.03,270,unsuccess,4469567.0,4545465
2024-04-23,536284,79.48,2316,success,3597345.0,3433317
2024-04-24,767419,62.87,26255,success,4977404.0,4744022
2024-04-25,462398,73.63,20722,unsuccess,305617.0,2887913
2024-04-26,74859,48.61,19172,success,4853831.0,5264466
2024-04-27,541351,68.38,23719,success,3624034.0,3457139
2024-04-28,696429,45.35,2392,unsuccess,4397802.0,4445486
2024-04-29,241992,68.35,18894,unsuccess,1704598.0,214332
2024-04-30,941693,53.0,4381,unsuccess,5868271.0,5906794
2024-05-01,609797,72.34,13737,unsuccess,3922939.0,4251843
2024-05-02,514907,48.3,1406,success,344164.0,3785648
2024-05-03,535677,56.25,21372,success,359544.0,3419401
2024-05-04,312724,52.74,13293,success,2231647.0,256386
2024-05-05,869548,57.22,12222,unsuccess,5465547.0,574464
2024-05-06,929478,69.49,6476,success,5969327.0,5971654
2024-05-07,943168,73.69,18648,unsuccess,592645.0,6317696
2024-05-08,418083,78.45,14016,success,289768.0,3233685
2024-05-09,928994,49.69,27386,success,592758.0,5710176
2024-05-10,330668,55.1,16604,success,2359187.0,2717895
2024-05-11,254585,68.61,13571,success,1925899.0,2258291
2024-05-12,365873,76.34,20714,unsuccess,2472268.0,2312163
2024-05-13,577877,76.82,7045,success,385672.0,3870677
2024-05-14,350555,45.72,6877,success,2447085.0,2459798
2024-05-15,235775,57.96,25439,success,1783982.0,1568742
2024-05-16,831853,57.62,9417,success,5350233.0,5333322
2024-05-17,346057,68.98,12585,success,2457812.0,2789407
2024-05-18,835855,77.33,21043,success,5411627.0,5241866
2024-05-19,853885,46.81,17748,unsuccess,5347259.0,5745267
2024-05-20,840566,45.81,26775,success,5384528.0,5175404
2024-05-21,516791,40.15,6609,success,3416476.0,3467055
2024-05-22,529525,47.1,8781,success,3500384.0,3529432
2024-05-23,556158,47.16,21603,unsuccess,3555093.0,342056
2024-05-24,427394,62.67,25123,success,2938579.0,2755248
2024-05-25,495601,53.77,11454,unsuccess,321215.0,3482991
2024-05-26,938348,77.48,21883,unsuccess,5913145.0,573465
2024-05-27,689363,49.08,279,success,4467261.0,4536494
2024-05-28,251011,70.89,17206,unsuccess,1740961.0,2168526
2024-05-29,730174,54.3,2192,unsuccess,4609572.0,467885
2024-05-30,934365,78.45,5625,unsuccess,5896942.0,5923112
2024-05-31,580968,48.95,17829,success,3831895.0,4260636
2024-06-01,204303,56.53,528,success,1604963.0,1615022
2024-06-02,813577,41.42,19069,success,5219773.0,5636338
2024-06-03,637014,63.24,11671,success,4204645.0,447224
2024-06-04,816296,72.68,1251,unsuccess,5152149.0,5485037
2024-06-05,348055,46.45,11961,success,2435841.0,2752057
2024-06-06,530437,75.4,15094,success,3591144.0,395086
2024-06-07,550041,49.36,2397,success,3625668.0,370611
2024-06-08,862366,74.63,17275,unsuccess,5425362.0,58334
2024-06-09,880653,42.02,9914,unsuccess,5517663.0,5770042
2024-06-10,937431,61.37,17281,success,5994903.0,6398157
2024-06-11,246741,75.51,14037,success,1886501.0,221287
2024-06-12,676822,44.31,19719,success,4421064.0,428174
2024-06-13,384784,51.11,17985,unsuccess,25564.0,2939664
2024-06-14,810106,63.49,24975,success,5232515.0,5037725
2024-06-15,298318,41.94,16992,success,2143631.0,252854
2024-06-16,511624,53.86,5052,success,3424675.0,3473887
2024-06-17,406109,57.13,21913,success,2787323.0,2629846
2024-06-18,731807,77.95,22742,success,466469.0,4508395
2024-06-19,606686,62.67,4204,success,4012277.0,406022
2024-06-20,29045,70.91,17754,success,2119123.0,2504746
2024-06-21,293829,45.13,10172,unsuccess,1999535.0,22731
2024-06-22,72368,60.3,2096,success,4726272.0,4577638
2024-06-23,308629,41.75,16477,success,2190964.0,255701
2024-06-24,727601,55.38,2685,success,473128.0,4512389
2024-06-25,462794,48.94,3116,success,3116142.0,3170238
2024-06-26,761691,61.6,27961,unsuccess,4833698.0,4592865
2024-06-27,85121,77.66,14878,success,5494539.0,5846418
2024-06-28,210882,48.23,10902,unsuccess,1494101.0,1766229
2024-06-29,769033,44.79,5671,unsuccess,4848381.0,4853493
2024-06-30,650587,75.99,16991,success,428597.0,4671256
2024-07-01,60123,79.9,11942,success,4019013.0,4311503
2024-07-02,546179,70.36,21715,success,3638324.0,350824
2024-07-03,659531,71.45,15754,success,4318372.0,4703277
2024-07-04,663033,77.51,2392,success,438753.0,4182762
2024-07-05,253582,52.82,15643,unsuccess,1735111.0,213245
2024-07-06,312529,78.75,16567,success,2288062.0,2650222
2024-07-07,554009,74.94,20392,unsuccess,3571905.0,346705
2024-07-08,423859,49.13,24351,unsuccess,2771899.0,2579267
2024-07-09,38542,74.75,19356,success,2694543.0,3132076
2024-07-10,474434,59.02,23153,success,3216164.0,3033597
2024-07-11,786875,63.21,2642,unsuccess,4954566.0,5031171
2024-07-12,907243,40.5,26313,success,5779067.0,558355
2024-07-13,825471,79.68,15002,unsuccess,5222884.0,5592828
2024-07-14,633108,74.24,25197,success,4193614.0,3969535
2024-07-15,740948,41.04,14453,unsuccess,4642954.0,5016645
2024-07-16,834257,69.1,19658,success,5395075.0,5263722
2024-07-17,560363,57.69,722,success,371028.0,3741476
2024-07-18,568852,48.48,17759,success,3775667.0,4178403
2024-07-19,694713,63.42,13547,success,4552839.0,4890834
2024-07-20,747599,42.75,10493,success,4840085.0,5114202
2024-07-21,654062,66.06,18078,unsuccess,4196307.0,4602578
2024-07-22,607225,68.8,1017,unsuccess,390133.0,4152729
2024-07-23,521955,66.01,17932,success,3522948.0,3926334
2024-07-24,537515,68.32,11133,success,3583878.0,3896916
2024-07-25,509815,71.08,24979,success,3443199.0,3268899
2024-07-26,83196,56.96,19376,success,5372326.0,5766237
2024-07-27,666114,47.8,24681,unsuccess,4227064.0,4019576
2024-07-28,624085,49.96,12346,success,408578.0,4414708
2024-07-29,361314,65.05,14868,unsuccess,2409984.0,2789773
2024-07-30,274595,51.16,15231,success,2017898.0,2380308
2024-07-31,37519,55.32,22094,success,2595195.0,2455205
2024-08-01,520842,58.41,18746,success,3491881.0,3906931
2024-08-02,902357,45.72,9534,unsuccess,5648047.0,5884199
2024-08-03,763486,59.11,6339,success,4959212.0,4951789
2024-08-04,502089,52.81,26292,unsuccess,3250998.0,3048454
2024-08-05,61639,75.65,17542,success,4107968.0,446244
2024-08-06,390507,75.32,10514,unsuccess,2595872.0,2901765
2024-08-07,469927,69.71,9011,unsuccess,307441.0,3064404
2024-08-08,807545,52.51,21323,unsuccess,5091255.0,4931624
2024-08-09,841656,66.82,8365,success,544729.0,5421992
2024-08-10,356735,71.02,12543,success,2544274.0,2815693
2024-08-11,854568,44.52,25207,unsuccess,5358742.0,5164895
2024-08-12,544489,78.55,27215,success,3666844.0,3423735
2024-08-13,644451,79.13,9111,success,427078.0,4262117
2024-08-14,290354,53.08,12311,success,211205.0,2418655
2024-08-15,789211,66.41,10025,unsuccess,4981923.0,5273451
2024-08-16,53142,42.35,853,unsuccess,3417306.0,3386623
2024-08-17,947311,72.89,26289,unsuccess,5956242.0,5711683
2024-08-18,438126,56.93,2999,success,3009486.0,3047924
2024-08-19,829861,59.95,17118,unsuccess,5232932.0,5624927
2024-08-20,781304,41.24,6617,unsuccess,49033.0,4932253
2024-08-21,78699,76.73,16431,success,5111284.0,5507883
2024-08-22,370905,49.51,25477,success,2593326.0,2391278
2024-08-23,248451,78.24,3406,unsuccess,1780056.0,1808318
2024-08-24,636716,62.05,12088,unsuccess,3429216.0029615005,4390368
2024-08-25,592436,52.38,3368,success,3916771.0,3978884
2024-08-26,371234,78.17,10606,success,2631207.0,2884196
2024-08-27,751071,74.94,25184,success,4916166.0,4717854
2024-08-28,81790,57.73,2522,success,5277618.0,5336186
2024-08-29,564471,77.33,599,success,3774672.0,3805499
2024-08-30,23020,42.26,16557,success,1727953.0,2103979
2024-08-31,93236,42.26,14777,unsuccess,5812193.0,6175886
2024-09-01,502053,64.32,5146,unsuccess,3279013.0,3293829
2024-09-02,417099,52.86,9176,success,284361.0,2860986
2024-09-03,427504,63.43,2074,success,2926669.0,2995121
2024-09-04,712267,63.11,12772,success,4653886.0,4963163
2024-09-05,822604,53.92,16628,success,5308047.0,5672778
2024-09-06,212803,57.86,1107,success,1628953.0,1933269
2024-09-07,670411,44.55,4814,unsuccess,4240965.0,4286986
2024-09-08,213355,76.33,27692,unsuccess,1552743.0,1328855
2024-09-09,326198,75.18,10813,success,2342669.0,2636517
2024-09-10,439552,44.91,15122,unsuccess,2874118.0,3227817
2024-09-11,564846,49.95,8829,success,3760524.0,3751637
2024-09-12,745855,42.91,8542,unsuccess,4687661.0,470276
2024-09-13,491027,40.66,26693,success,3293567.0,3077821
2024-09-14,539228,46.14,17209,unsuccess,3475413.0,3843036
2024-09-15,819773,64.44,6982,unsuccess,516964.0,5178793
2024-09-16,634348,50.04,204,success,3429216.0029615005,4225581
2024-09-17,56332,65.19,23585,success,3766041.0,3587786
2024-09-18,514529,42.64,443,success,3441119.0,34595
2024-09-19,739403,77.22,22139,unsuccess,4687854.0,455219
2024-09-20,385922,48.03,7855,success,2655303.0,2683653
2024-09-21,923064,79.81,9803,success,5955665.0,6208024
2024-09-22,784561,70.53,10519,unsuccess,3429216.0029615005,5242474
2024-09-23,842974,55.14,709,unsuccess,5301674.0,5291284
2024-09-24,755604,76.63,9565,success,4934338.0,5206698
2024-09-25,248927,42.64,12208,success,1849092.0,2150044
2024-09-26,335059,78.55,21973,success,2402862.0,2266161
2024-09-27,64145,43.71,23221,unsuccess,4072659.0,3888142
2024-09-28,460182,44.41,26173,success,3091188.0,2915855
2024-09-29,821718,51.56,15682,unsuccess,5170937.0,5515104
2024-09-30,212256,78.93,8892,unsuccess,1531398.0,1546639
2024-10-01,652417,76.25,14486,success,4285754.0,4652059
2024-10-02,722915,69.16,23122,unsuccess,3429216.0029615005,4422798
2024-10-03,549729,53.81,5202,unsuccess,3429216.0029615005,3584287
2024-10-04,454585,67.96,5124,success,3119442.0,314965
2024-10-05,370851,50.74,20639,success,2590997.0,2444181
2024-10-06,841025,41.37,11567,success,5392978.0,5685618
2024-10-07,406335,60.89,25996,unsuccess,2698827.0,249498
2024-10-08,682102,42.35,26778,success,4405973.0,4210298
2024-10-09,920224,74.26,16001,success,5929379.0,6282253
2024-10-10,745666,73.04,14494,unsuccess,4739776.0,509647
2024-10-11,616006,56.61,8853,unsuccess,3941466.0,393918
2024-10-12,885886,42.87,341,success,5676336.0,5711803
2024-10-13,943557,51.98,17034,unsuccess,3429216.0029615005,6265398
2024-10-14,580789,77.27,16097,success,3873676.0,4231658
2024-10-15,917217,64.0,27887,success,3429216.0029615005,5650798
2024-10-16,596748,41.9,26502,success,3930603.0,3710735
2024-10-17,473579,58.01,12028,success,3226304.0,3518029
2024-10-18,891217,59.67,1697,unsuccess,5582053.0,5965124
2024-10-19,923058,48.52,7936,unsuccess,5754687.0,577751
2024-10-20,936122,63.03,26387,unsuccess,5868095.0,5654151
2024-10-21,652274,53.69,6425,unsuccess,4148284.0,4155022
2024-10-22,755152,60.27,26931,unsuccess,4785619.0,4560669
2024-10-23,759772,79.95,25923,success,4940465.0,4771232
2024-10-24,850399,63.6,11768,success,5481508.0,5765161
2024-10-25,849577,64.47,18925,unsuccess,5330743.0,575575
2024-10-26,496824,74.37,13948,success,3389726.0,3722351
2024-10-27,764355,72.84,8982,success,4963487.0,4973332
2024-10-28,790091,43.2,5036,success,5093533.0,5129774
2024-10-29,831276,61.68,9285,success,5363113.0,5359977
2024-10-30,936744,63.55,27887,success,5984188.0,5782549
2024-10-31,838602,67.29,13812,unsuccess,5291315.0,5606868
2024-11-01,472404,59.58,14995,unsuccess,3067942.0,3430915
2024-11-02,805785,49.59,2942,success,5179002.0,52581
2024-11-03,467395,68.13,10081,success,31816.0,3451824
2024-11-04,734429,68.64,13101,unsuccess,4658301.0,5002316
2024-11-05,835728,53.6,4319,unsuccess,5244023.0,5289763
2024-11-06,249294,42.05,216,unsuccess,1724897.0,1757281
2024-11-07,776381,78.5,22494,unsuccess,4946473.0,4782707
2024-11-08,418188,75.72,8983,unsuccess,2793032.0,2767464
2024-11-09,658812,61.08,8312,success,4315671.0,4334093
2024-11-10,504314,76.75,15547,success,3438774.0,3792285
2024-11-11,253091,55.32,13684,unsuccess,3429216.0029615005,2096005
2024-11-12,458516,79.74,18938,success,3154902.0,356808
2024-11-13,29352,59.91,2784,success,2140394.0,2206732
2024-11-14,776969,63.25,24021,unsuccess,4907616.0,4715244
2024-11-15,274547,48.95,749,unsuccess,1854368.0,1880756
2024-11-16,630614,79.18,10361,success,4175983.0,4472823
2024-11-17,469956,62.05,7944,success,3200473.0,3182147
2024-11-18,802343,62.28,9835,success,5066356.0,5332053
2024-11-19,674041,55.72,16202,success,4425408.0,4787168
2024-11-20,842921,48.8,3965,unsuccess,5299445.0,5330157
2024-11-21,721822,58.82,26631,unsuccess,4567605.0,4370598
2024-11-22,237001,54.8,11631,unsuccess,1675255.0,1966594
2024-11-23,310521,65.29,3586,unsuccess,2129436.0,2166605
2024-11-24,222917,55.58,21298,unsuccess,1583908.0,1425202
2024-11-25,917328,66.73,2252,unsuccess,5764096.0,5606543
2024-11-26,503918,47.12,1771,success,3391363.0,3785587
2024-11-27,611538,40.11,3377,success,4001229.0,4052155
2024-11-28,29092,52.93,1225,success,2106227.0,2393384
2024-11-29,629381,45.69,27585,unsuccess,3986492.0,3754459
